{
	"name": "onpremsqlserver",
	"type": "Microsoft.DataFactory/factories/linkedservices",
	"properties": {
		"annotations": [],
		"type": "SqlServer",
		"typeProperties": {
			"connectionString": "Integrated Security=False;Data Source=DESKTOP-D97R364;Initial Catalog=AdventureWorksLT2022;User ID=usr1",
			"password": {
				"type": "AzureKeyVaultSecret",
				"store": {
					"referenceName": "AzureKeyVault1",
					"type": "LinkedServiceReference"
				},
				"secretName": "password"
			}
		},
		"connectVia": {
			"referenceName": "SHIR",
			"type": "IntegrationRuntimeReference"
		}
	}
}