{
	"name": "Address",
	"properties": {
		"linkedServiceName": {
			"referenceName": "onpremsqlserver",
			"type": "LinkedServiceReference"
		},
		"annotations": [],
		"type": "SqlServerTable",
		"schema": [
			{
				"name": "AddressID",
				"type": "int",
				"precision": 10
			},
			{
				"name": "AddressLine1",
				"type": "nvarchar"
			},
			{
				"name": "AddressLine2",
				"type": "nvarchar"
			},
			{
				"name": "City",
				"type": "nvarchar"
			},
			{
				"name": "StateProvince",
				"type": "nvarchar"
			},
			{
				"name": "CountryRegion",
				"type": "nvarchar"
			},
			{
				"name": "PostalCode",
				"type": "nvarchar"
			},
			{
				"name": "rowguid",
				"type": "uniqueidentifier"
			},
			{
				"name": "ModifiedDate",
				"type": "datetime",
				"precision": 23,
				"scale": 3
			}
		],
		"typeProperties": {
			"schema": "SalesLT",
			"table": "Address"
		}
	},
	"type": "Microsoft.DataFactory/factories/datasets"
}