{
	"name": "parquetTables",
	"properties": {
		"linkedServiceName": {
			"referenceName": "AzureDataLakeStorage1",
			"type": "LinkedServiceReference"
		},
		"parameters": {
			"schemaname": {
				"type": "string"
			},
			"tablename": {
				"type": "string"
			}
		},
		"annotations": [],
		"type": "Parquet",
		"typeProperties": {
			"location": {
				"type": "AzureBlobFSLocation",
				"fileName": {
					"value": "@{concat(dataset().tablename, '.parquet')}",
					"type": "Expression"
				},
				"folderPath": {
					"value": "@{concat(dataset().schemaname, '/', dataset().tablename)}",
					"type": "Expression"
				},
				"fileSystem": "bronze"
			},
			"compressionCodec": "snappy"
		},
		"schema": []
	},
	"type": "Microsoft.DataFactory/factories/datasets"
}