{
	"name": "sp_CreateSQLServerlessView_gold",
	"properties": {
		"content": {
			"query": "USE gold_db\nGO\n\nCREATE OR ALTER PROC CreateSQLServerlessView_gold @ViewName nvarchar(100)\nAS\nBEGIN\n\nDECLARE @statement VARCHAR(MAX)\n\n    SET @statement = N'CREATE OR ALTER VIEW ' + @ViewName + ' AS \n        SELECT *\n        FROM\n            OPENROWSET(\n            BULK ''https://deprojdatalakegen2.blob.core.windows.net/gold/SalesLT/' + @ViewName + '/'',\n            FORMAT = ''DELTA''\n        ) AS [result]\n    '\n\nEXEC (@statement)\n\nEND\nGO",
			"metadata": {
				"language": "sql"
			},
			"currentConnection": {
				"databaseName": "gold_db",
				"poolName": "Built-in"
			},
			"resultLimit": 5000
		},
		"type": "SqlQuery"
	}
}